Antiviral,Monocitos susceptiveis/uL
0.018014772113132772,114.7604009566718
1.7872769044906927,115.40388689133972
3.495010778998705,116.02286053459304
5.144371121707975,116.61866862055221
6.738300613880432,117.19256303983703
8.279547413276662,117.74570885651686
9.770680966360883,118.27919154623496
11.214106302790611,118.7940235396566
12.612076979470292,119.2911501455644
13.966706820703982,119.77145491930523
15.279980583087442,120.23576453471708
16.55376365830706,120.68485321102642
17.78981091360257,121.11944674036687
18.989774758002017,121.54022615643592
20.155212512296814,121.94783108030138
21.287593151878774,122.34286277538799
22.38830348382824,122.72588694018086
23.45865381286923,123.09743626409035
24.499883144864178,123.45801276919443
25.513163971294517,123.8080899581738
26.499606673570845,124.14811478661035
27.46026358195467,124.47850947593811
28.396132720283813,124.79967318165981
29.308161264515224,125.11198352995092
30.197248740280436,125.41579803445288
31.064249982145014,125.71145540388088
31.90997787503677,125.99927675002152
32.735205896322775,126.27956670475989
33.54067047524528,126.55261445394194
34.32707318484468,126.8186946951307
35.09508278008226,127.07806852564433
35.84533709460755,127.33098426666801
36.578444807477304,127.57767822869351
37.29498709011118,127.81837542305456
37.99551914285006,128.05329022389841
38.680571629654956,128.28262698453702
39.35065201873814,128.50658061177597
40.00624583624429,128.72533710149474
40.647817839490735,128.93907403847302
41.27581311572442,129.14796106319415
41.89065811185473,129.35216030812327
42.492761600168436,129.55182680574856
43.08251558462256,129.74710887047667
43.66029615193732,129.9381484563064
44.22646427137252,130.12508149203828
44.78136654676098,130.30803819564025
45.32533592409146,130.4871433692556
45.85869235767641,130.6625166762216
46.38174343770506,130.83427290135526
46.894784981768645,131.0025221956716
47.39810159274758,131.16737030659658
47.891967185271476,131.32891879466987
48.37664548279835,131.48726523764154
48.85239048720816,131.64250342280997
49.31944692266768,131.7947235283771
49.77805065539644,131.94401229454297
50.22842909084647,132.09045318500637
50.67080154970122,132.23412653949114
51.10537962399948,132.37510971787083
51.53236751459988,132.51347723642496
51.95196235111601,132.64930089671938
52.36435449537586,132.78264990757364
52.769727829386895,132.9135910005387
53.16826002872178,133.0421885392838
53.56012282217895,133.1685046232628
53.945482238515105,133.2925991860049
54.32449884099444,133.4145300883489
54.697327950450806,133.5343532069229
55.06411985751358,133.65212251814603
55.425020024606994,133.76789017801806
55.780169278292526,133.88170659793403
56.12970399248941,133.99362051675757
56.47375626307355,134.1036790693624
56.81245407432476,134.21192785184422
57.14592145766256,134.31841098358527
57.47427864308469,134.42317116635337
57.79764220369611,134.52624974059052
58.116125193694046,134.62768673905418
58.42983728015189,134.7275209379463
58.73888486892459,134.82578990567285
59.04337122497956,134.92253004935606
59.34339658743855,135.017776659221
59.63905827959994,135.1115639509677
59.93045081419519,135.2039251062358
60.21766599411823,135.29489231125805
60.50079300885387,135.38449679379912
60.77991852681741,135.47276885846674
61.055126783806756,135.55973792047644
61.32649966775631,135.64543253795037
61.594116799971985,135.7298804428221
61.85805561301664,135.81310857041746
62.11839142540575,135.8951430877774
62.37519751326494,135.97600942078367
62.62854517909242,136.05573228014654
62.87850381776195,136.13433568630975
63.12514097989455,136.21184299332364
63.368522432720845,136.28827691173825
63.608712218548625,136.36365953056057
63.84577271094558,136.4380123383205
64.07976466874003,136.51135624328955
64.31074728793831,136.5837115928875
64.53877825165186,136.65509819232062
64.76391377812236,136.72553532247952
64.98620866692907,136.79504175713703
65.20571634345808,136.86363577947424
65.42248890170922,136.93133519796567
65.6365771455128,136.99815736165235
65.84803062822455,137.06411917483175
66.0568976909639,137.1292371111863
66.26322549945775,137.193527227381
66.46706007954859,137.2570051761468
66.66844635142304,137.31968621887847
66.86742816261442,137.38158523776298
67.06404831983028,137.4427167474607
67.25834861965328,137.5030949063594
67.45036987816175,137.56273352741695
67.64015195951416,137.6216460886114
67.82773380353922,137.67984574301528
68.01315345237204,137.73734532850878
68.19644807617449,137.79415737714666
68.37765399797617,137.85029412419473
68.55680671767111,137.905767516848
68.73394093520332,137.9605892226435
68.90909057297296,138.01477063758094
69.08228879749377,138.06832289396237
69.25356804033046,138.12125686796207
69.42296001834401,138.1735831869385
69.59049575327164,138.2253122364959
69.75620559066621,138.27645416730917
69.9201192182201,138.32701890171785
70.08226568349623,138.37701614009987
70.24267341108877,138.42645536703375
70.40137021923465,138.47534585725643
70.55838333589644,138.5236966814256
70.713739414336,138.57151671169325
70.86746454819767,138.61881462709783
71.01958428611889,138.66559891878185
71.17012364588538,138.71187789504143
71.31910712814758,138.75765968621425
71.46655872971381,138.80295224941239
71.61250195643568,138.84776337310333
71.7569598356998,138.89210068154856
71.89995492854032,138.93597163910167
72.04150934138511,138.9793835543733
72.18164473744886,139.02234358426546
72.32038234778517,139.06485873788267
72.45774298200959,139.1069358803222
72.59374703870499,139.1485817363478
72.72841451552003,139.18980289395373
72.86176501897158,139.23060580781794
72.99381777396069,139.27099680265445
73.12459163301227,139.31098207646178
73.2541050852476,139.35056770367837
73.38237626509849,139.389759638241
73.50942296077208,139.42856371655483
73.6352626224743,139.46698566037526
73.75991237039996,139.5050310796063
73.88338900249745,139.54270547501642
74.00570900201501,139.58001424087678
74.12688854483608,139.61696266752284
74.24694350661042,139.65355594384258
74.36588946968753,139.6897991596934
74.48374172985888,139.72569730825117
74.60051530291494,139.76125528829147
74.71622493102312,139.79647790640848
74.830885088932,139.83136987916936
74.9445099900076,139.8659358352107
75.05711359210686,139.90018031727473
75.16870960329352,139.93410778419207
75.27931148740107,139.96772261280597
75.3889324694479,140.00102909984764
75.4975855409089,140.0340314637582
75.60528346484796,140.06673384646177
75.71203878091589,140.09914031509135
75.81786381021756,140.131254863666
75.9227706600523,140.16308141472638
76.02677122853164,140.19462382092425
76.1298772090777,140.2258858665703
76.23210009480607,140.25687126914127
76.33345118279654,140.28758368074804
76.43394157825503,140.31802668956388
76.53358219856995,140.34820382121617
76.63238377726611,140.3781185401419
76.73035686785909,140.40777425090945
76.82751184761304,140.4371742995025
76.92385892120495,140.4663219745759
77.0194081242976,140.4952205086757
77.11416932702421,140.5238730794301
77.20815223738741,140.55228281070924
77.30136640457448,140.58045277375692
77.39382122219185,140.60838598829216
77.48552593142075,140.63608542358503
77.57648962409631,140.66355399950396
77.66672124571247,140.6907945875394
77.75622959835445,140.71781001179895
77.84502334356121,140.74460304998115
77.93311100511936,140.7711764343229
78.02050097179088,140.79753285252661
78.10720149997621,140.82367494866145
78.1932207163146,140.8496053240451
78.27856662022324,140.8753265381035
78.36324708637731,140.9008411092101
78.44726986713188,140.9261515155053
78.5306425948879,140.95126019569534
78.61337278440323,140.97616954983317
78.69546783505072,141.00088194008075
78.77693503302424,141.02539969145363
78.8577815534944,141.04972509254648
78.93801446271519,141.0738603962445
79.01764072008281,141.097807820415
79.09666718014793,141.1215695485861
79.17510059458277,141.14514773060682
79.25294761410392,141.1685444832948
79.33021479035234,141.19176189106662
79.40690857773129,141.21480200655577
79.48303533520377,141.23766685121478
79.55860132805005,141.26035841590542
79.63361272958652,141.2828786614743
79.7080756228469,141.3052295193164
79.78199600222668,141.32741289192475
79.85537977509168,141.34943065342964
79.92823276335182,141.37128465012336
80.00056070500078,141.3929767009769
80.07236925562256,141.41450859814137
80.14366398986562,141.43588210744073
80.21445040288549,141.45709896885273
80.28473391175675,141.47816089698068
80.3545198568549,141.49906958151303
80.42381350320902,141.51982668767462
80.49262004182593,141.5404338566666
80.56094459098652,141.56089270609945
80.62879219751483,141.5812048304129
80.6961678380209,141.60137180129107
80.76307642011736,141.621395168065
80.82952278361132,141.64127645810987
80.89551170167118,141.66101717723143
80.96104788196975,141.68061881004508
81.02613596780364,141.70008282034732
81.09078053919009,141.71941065147936
81.15498611394118,141.73860372668253
81.21875714871632,141.7576634494474
81.28209804005355,141.7765912038539
81.34501312537988,141.79538835490686
81.40750668400135,141.81405624886193
81.46958293807342,141.8325962135472
81.53124605355173,141.85100955867682
81.59250014112416,141.86929757615874
81.65334925712428,141.88746154039583
81.71379740442676,141.90550270858188
81.77384853332516,141.92342232098977
81.83350654239257,141.94122160125647
81.89277527932515,141.95890175665983
81.95165854176946,141.9764639783906
82.0101600781336,141.9939094418209
82.06828358838264,142.0112393067641
82.12603272481867,142.0284547177325
82.1834110928458,142.0455568041875
82.24042225172055,142.06254668078716
82.29706971528776,142.07942544762707
82.35335695270264,142.09619419047792
82.40928738913888,142.1128539810169
82.46486440648353,142.1294058770564
82.52009134401852,142.1458509227666
82.57497149908964,142.16219014889504
82.62950812776269,142.17842457298158
82.68370444546747,142.19455519956878
82.73756362762977,142.2105830204088
82.79108881029154,142.22650901466633
82.84428309071956,142.24233414911777
82.89714952800293,142.25805937834522
82.9496911436395,142.27368564492994
83.00191092211142,142.2892138796386
83.05381181145042,142.30464500160875
83.10539672379244,142.31997991852927
83.15666853592239,142.33521952681815
83.20763008980892,142.3503647117963
83.25828419312954,142.3654163478599
83.30863361978625,142.380375298647
83.35868111041195,142.39524241720318
83.40842937286763,142.4100185461426
83.45788108273085,142.42470451780778
83.50703888377541,142.43930115442524
83.5559053884424,142.45380926825837
83.60448317830314,142.46822966175782
83.6527748045137,142.48256312770968
83.70078278826158,142.49681044938
83.74850962120442,142.51097240065718
83.79595776590111,142.52504974619208
83.84312965623535,142.5390432415355
83.89002769783184,142.55295363327227
83.9366542684651,142.56678165915503
83.98301171846151,142.58052804823325
84.02910237109413,142.5941935209818
84.07492852297086,142.60777878942665
84.12049244441586,142.62128455726753
84.16579637984456,142.63471152000017
84.21084254813218,142.64806036503475
84.25563314297591,142.66133177181328
84.30017033325109,142.67452641192534
84.34445626336134,142.68764494921928
84.38849305358264,142.70068803991558
84.43228280040177,142.71365633271486
84.47582757684899,142.72655046890506
84.51912943282525,142.73937108246767
84.56219039542378,142.75211880018102
84.60501246924643,142.76479424172248
84.6475976367148,142.77739801976838
84.68994785837612,142.78993074009264
84.7320650732041,142.80239300166426
84.77395119889496,142.81478539674163
84.81560813215839,142.82710851096664
84.85703774900384,142.83936292345714
84.89824190502229,142.85154920689678
84.93922243566314,142.86366792762487
84.97998115650681,142.8757196457228
85.02051986353288,142.8877049151017
85.06084033338391,142.89962428358618
85.10094432362489,142.9114782929976
85.14083357299874,142.92326747923642
85.18050980167757,142.93499237236293
85.21997471150989,142.94665349667613
85.25922998626399,142.95825137079217
85.29827729186744,142.96978650772056
85.33711827664273,142.98125941494055
85.37575457153912,142.99267059447445
85.41418779036115,143.0040205429615
85.4524195299931,143.0153097517296
85.49045137062032,143.02653870686586
85.5282848759469,143.03770788928625
85.56592159340991,143.04881777480514
85.60336305439048,143.05986883420078
85.64061077442152,143.07086153328393
85.67766625339208,143.08179633296155
85.71453097574876,143.0926736893016
85.75120641069398,143.10349405359736
85.7876940123811,143.11425787242786
85.82399522010662,143.12496558772088
85.86011145849943,143.13561763681207
85.89604413770728,143.14621445250606
85.93179465358006,143.15675646313306
85.96736438785092,143.16724409260766
86.00275470831393,143.17767776048535
86.03796696899961,143.18805788201846
86.07300251034756,143.19838486821072
86.10786265937661,143.20865912587226
86.14254872985224,143.21888105767206
86.17706202245175,143.22905106219096
86.21140382492676,143.23916953397352
86.24557541226346,143.2492368635784
86.27957804684033,143.25925343762933
86.31341297858357,143.26921963886386
86.34708144512034,143.27913584618224
86.38058467192963,143.28900243469573
86.41392387249093,143.2988197757733
86.44710024843076,143.30858823708837
86.48011498966703,143.3183081826648
86.51296927455134,143.3279799729219
86.54566427000907,143.33760396471868
86.5782011316777,143.34718051139856
86.61058100404287,143.3567099628315
86.64280502057248,143.36619266545682
86.67487430384921,143.37562896232578
86.70678996570065,143.38501919314214
86.73855310732786,143.39436369430314
86.77016481943205,143.4036627989397
86.80162618233945,143.41291683695587
86.83293826612429,143.42212613506783
86.86410213073022,143.4312910168425
86.89511882608977,143.44041180273464
86.92598939224249,143.44948881012502
86.95671485945097,143.4585223533568
86.98729624831557,143.4675127437718
87.0177345698875,143.47646028974626
87.04803082577997,143.48536529672575
87.07818600827844,143.49422806726076
87.1082011004486,143.50304890104002
87.13807707624343,143.51182809492414
87.16781490060849,143.52056594297997
87.19741552958571,143.52926273651235
87.22687991041602,143.5379187640967
87.25620898164021,143.54653431161137
87.28540367319877,143.55510966226845
87.31446490653,143.56364509664505
87.34339359466709,143.5721408927135
87.37219064233366,143.58059732587265
87.40085694603809,143.58901466897606
87.42939339416661,143.59739319236235
87.457800867075,143.60573316388368
87.48608023717914,143.61403484893427
87.51423236904436,143.62229851047897
87.54225811947356,143.63052440908015
87.57015833759401,143.63871280292585
87.59793386494323,143.64686394785633
87.62558553555363,143.654978097391
87.6531141760358,143.66305550275425
87.68052060566113,143.67109641290173
87.70780563644287,143.67910107454568
87.73497007321649,143.68706973218016
87.76201471371868,143.6950026281063
87.78894034866558,143.70290000245583
87.81574776182968,143.7107620932166
87.84243773011609,143.71858913625567
87.86901102363733,143.7263813653427
87.89546840578761,143.73413901217373
87.92181063331583,143.74186230639395
87.9480384563978,143.74955147562022
87.97415261870736,143.75720674546352
88.00015385748675,143.76482833955075
88.026042903616,143.772416479547
88.05182048168126,143.77997138517605
88.07748731004268,143.78749327424345
88.10304410090085,143.79498236265488
88.12849156036285,143.80243886443878
88.15383038850719,143.80986299176575
88.17906127944815,143.81725495496923
88.20418492139896,143.82461496256465
88.22920199673455,143.83194322126968
88.25411318205322,143.8392399360234
88.2789191482377,143.8465053100048
88.30362056051536,143.8537395446528
88.32821807851765,143.86094283968342
88.35271235633884,143.86811539310924
88.37710404259398,143.8752574012573
88.40139378047625,143.8823690587866
88.4255822078133,143.88945055870587
88.44966995712329,143.89650209239167
88.4736576556699,143.90352384960468
88.49754592551677,143.91051601850725
88.5213353835814,143.91747878568012
88.54502664168808,143.92441233613897
88.56862030662049,143.93131685335058
88.59211698017346,143.93819251924936
88.61551725920404,143.9450395142533
88.6388217356822,143.95185801727905
88.66203099674065,143.95864820575872
88.6851456247242,143.9654102556541
88.70816619723834,143.9721443414722
88.73109328719754,143.97885063628058
88.75392746287267,143.98552931172233
88.7766692879379,143.99218053802952
88.79931932151725,143.9988044840388
88.82187811823025,144.00540131720538
88.84434622823728,144.01197120361698
88.8667241972843,144.0185143080079
88.889012566747,144.0250307937725
88.91121187367452,144.03152082297925
88.93332265083252,144.0379845563837
88.95534542674584,144.04442215344216
88.9772807257406,144.0508337723243
88.99912906798579,144.05721956992662
89.02089096953445,144.0635797018848
89.04256694236425,144.06991432258678
89.0641574944176,144.07622358518466
89.08566312964147,144.0825076416076
89.1070843480264,144.08876664257372
89.1284216456455,144.0950007376022
89.14967551469248,144.1012100750248
89.17084644351964,144.10739480199854
89.19193491667527,144.11355506451662
89.21294141494062,144.1196910074195
89.23386641536635,144.12580277440748
89.2547103913088,144.13189050805076
89.27547381246548,144.13795434980108
89.29615714491057,144.14399444000247
89.31676085112962,144.1500109179023
89.3372853900541,144.15600392166158
89.3577312170955,144.16197358836595
89.3780987841789,144.16792005403587
89.39838853977643,144.1738434536368
89.41860092894007,144.17974392109025
89.43873639333418,144.1856215892822
89.45879537126778,144.1914765900749
89.47877829772622,144.1973090543158
89.49868560440277,144.2031191118471
89.51851771972954,144.20890689151594
89.53827506890836,144.21467252118356
89.5579580739411,144.22041612773472
89.5775671536597,144.2261378370871
89.59710272375591,144.2318377742005
89.61656519681071,144.23751606308628
89.63595498232323,144.24317282681534
89.6552724867396,144.24880818752789
89.67451811348126,144.2544222664423
89.69369226297307,144.2600151838632
89.71279533267115,144.26558705919007
89.7318277170902,144.27113801092634
89.75078980783083,144.27666815668738
89.76968199360621,144.28217761320911
89.78850466026888,144.28766649635517
89.8072581908368,144.29313492112664
89.82594296551947,144.29858300166902
89.84455936174355,144.3040108512802
89.86310775417829,144.30941858241857
89.88158851476067,144.314806306711
89.90000201272032,144.32017413495973
89.918348614604,144.3255221771508
89.93662868429996,144.33085054246123
89.95484258306209,144.33615933926635
89.97299066953359,144.34144867514723
89.99107329977055,144.34671865689785
90.00909082726528,144.35196939053233
90.02704360296931,144.35720098129238
90.04493197531616,144.36241353365372
90.06275629024393,144.36760715133343
90.08051689121754,144.37278193729668
90.09821411925087,144.37793799376365
90.11584831292848,144.3830754222162
90.13341980842728,144.38819432340412
90.15092893953792,144.39329479735264
90.16837603768583,144.39837694336813
90.18576143195223,144.4034408600448
90.20308544909471,144.40848664527098
90.22034841356782,144.41351439623574
90.23755064754326,144.41852420943474
90.25469247092992,144.4235161806765
90.27177420139373,144.4284904050888
90.28879615437728,144.4334469771243
90.3057586431192,144.4383859905667
90.32266197867351,144.44330753853689
90.33950646992844,144.44821171349807
90.3562924236253,144.45309860726252
90.3730201443773,144.45796831099642
90.38968993468764,144.4628209152263
90.40630209496804,144.46765650984398
90.4228569235566,144.4724751841126
90.43935471673575,144.47727702667174
90.45579576874988,144.4820621255432
90.4721803718229,144.48683056813604
90.48850881617547,144.49158244125223
90.50478139004218,144.49631783109157
90.5209983796885,144.5010368232571
90.53716006942759,144.50573950276055
90.55326674163686,144.51042595402646
90.56931867677447,144.51509626089847
90.58531615339562,144.51975050664348
90.6012594481686,144.52438877395718
90.61714883589079,144.52901114496822
90.63298458950439,144.53361770124323
90.64876698011214,144.53820852379255
90.66449627699271,144.54278369307374
90.68017274761606,144.54734328899704
90.69579665765856,144.5518873909297
90.7113682710181,144.5564160777006
90.72688784982878,144.56092942760483
90.74235565447574,144.56542751840828
90.75777194360975,144.56991042735234
90.77313697416149,144.5743782311575
90.78845100135597,144.57883100602882
90.80371427872652,144.5832688276591
90.81892705812898,144.58769177123435
90.83408958975532,144.5920999114372
90.84920212214752,144.59649332245095
90.86426490221109,144.60087207796482
90.87927817522854,144.6052362511773
90.89424218487261,144.60958591479968
90.90915717321961,144.6139211410613
90.92402338076238,144.61824200171264
90.93884104642312,144.62254856802988
90.95361040756642,144.62684091081823
90.96833170001173,144.63111910041619
90.983005158046,144.63538320669943
90.99763101443608,144.6396332990845
91.01220950044112,144.64386944653225
91.02674084582458,144.6480917175521
91.04122527886648,144.65230018020563
91.05566302637523,144.65649490210976
91.07005431369957,144.66067595044092
91.08439936474016,144.66484339193866
91.09869840196136,144.66899729290822
91.11295164640256,144.67313771922568
91.12715931768973,144.6772647363404
91.14132163404659,144.68137840927764
91.1554388123058,144.68547880264427
91.16951106792003,144.68956598063
91.18353861497299,144.69364000701182
91.1975216661902,144.6977009451573
91.21146043294974,144.7017488580272
91.22535512529299,144.7057838081793
91.2392059519351,144.70980585777167
91.25301312027543,144.71381506856528
91.26677683640801,144.71781150192803
91.28049730513163,144.7217952188369
91.2941747299602,144.72576627988173
91.3078093131326,144.72972474526836
91.3214012556228,144.733670674821
91.33495075714966,144.73760412798595
91.34845801618677,144.74152516383415
91.36192322997208,144.7454338410642
91.37534659451752,144.74933021800547
91.38872830461857,144.75321435262137
91.40206855386357,144.75708630251066
91.41536753464312,144.760946124912
91.4286254381594,144.7647938767064
91.44184245443518,144.76862961441964
91.45501877232299,144.77245339422458
91.46815457951415,144.776265271945
91.48125006254757,144.78006530305785
91.49430540681873,144.78385354269582
91.5073207965882,144.78763004564962
91.52029641499064,144.79139486637158
91.53323244404307,144.7951480589779
91.54612906465351,144.7988896772504
91.55898645662951,144.8026197746402
91.57180479868634,144.80633840427012
91.58458426845534,144.81004561893636
91.59732504249217,144.81374147111183
91.6100272962849,144.81742601294863
91.622691204262,144.8210992962799
91.63531693980045,144.82476137262233
91.64790467523359,144.8284122931794
91.66045458185894,144.83205210884287
91.67296682994602,144.83568087019557
91.68544158874403,144.83929862751341
91.6978790264894,144.84290543076838
91.71027931041354,144.84650132962977
91.72264260675014,144.85008637346746
91.7349690807427,144.8536606113537
91.74725889665193,144.85722409206565
91.75951221776293,144.86077686408694
91.77172920639248,144.86431897561044
91.78391002389624,144.86785047454072
91.79605483067581,144.87137140849535
91.8081637861858,144.87488182480752
91.82023704894078,144.8783817705284
91.83227477652221,144.88187129242868
91.84427712558528,144.88535043700105
91.85624425186573,144.8888192504623
91.86817631018663,144.89227777875487
91.88007345446489,144.89572606754945
91.89193583771811,144.89916416224693
91.90376361207096,144.9025921079799
91.91555692876175,144.90600994961514
91.92731593814887,144.90941773175527
91.93904078971721,144.91281549874094
91.95073163208446,144.91620329465252
91.96238861300733,144.9195811633123
91.97401187938794,144.92294914828557
91.98560157727982,144.92630729288405
91.99715785189412,144.92965564016606
92.00868084760566,144.93299423293936
92.02017070795895,144.93632311376263
92.0316275756741,144.93964232494756
92.04305159265276,144.94295190856047
92.05444289998404,144.94625190642347
92.0658016379502,144.9495423601175
92.07712794603253,144.95282331098315
92.08842196291695,144.95609480012243
92.09968382649977,144.95935686840104
92.11091367389321,144.9626095564494
92.122111641431,144.96585290466473
92.13327786467396,144.96908695321298
92.14441247841536,144.97231174202946
92.15551561668644,144.97552731082172
92.16658741276171,144.97873369907063
92.17762799916439,144.98193094603155
92.18863750767149,144.98511909073676
92.19961606931936,144.98829817199675
92.2105638144086,144.99146822840126
92.22148087250936,144.99462929832168
92.23236737246643,144.99778141991195
92.24322344240431,145.00092463111076
92.25404920973229,145.00405896964213
92.26484480114924,145.0071844730177
92.27561034264879,145.01030117853813
92.28634595952407,145.01340912329405
92.29705177637273,145.01650834416836
92.30772791710153,145.01959887783693
92.31837450493136,145.0226807607705
92.32899166240176,145.02575402923563
92.33957951137586,145.02881871929696
92.35013817304484,145.03187486681801
92.36066776793263,145.0349225074623
92.37116841590047,145.0379616766957
92.38164023615157,145.04099240978667
92.39208334723547,145.04401474180852
92.40249786705262,145.04702870764046
92.41288391285869,145.05003434196865
92.42324160126911,145.05303167928813
92.43357104826342,145.05602075390325
92.44387236918952,145.05900159993044
92.45414567876796,145.06197425129767
92.46439109109629,145.06493874174694
92.47460871965323,145.06789510483551
92.48479867730289,145.07084337393687
92.49496107629885,145.07378358224182
92.50509602828832,145.07671576276013
92.51520364431633,145.0796399483217
92.5252840348296,145.0825561715773
92.5353373096807,145.08546446500068
92.545363578132,145.0883648608888
92.55536294885962,145.09125739136368
92.56533552995741,145.09414208837362
92.57528142894073,145.09701898369374
92.58520075275041,145.09988810892787
92.59509360775657,145.10274949550896
92.60496009976242,145.10560317470123
92.61480033400797,145.10844917760033
92.62461441517385,145.11128753513515
92.63440244738503,145.11411827806825
92.64416453421438,145.11694143699813
92.6539007786865,145.1197570423586
92.66361128328124,145.1225651244216
92.67329614993724,145.12536571329733
92.68295548005567,145.12815883893543
92.69258937450356,145.13094453112626
92.7021979336175,145.13372281950222
92.71178125720697,145.13649373353743
92.72133944455794,145.13925730255096
92.73087259443618,145.14201355570586
92.74038080509072,145.1447625220116
92.74986417425721,145.14750423032382
92.75932279916125,145.15023870934664
92.7687567765218,145.15296598763248
92.77816620255432,145.15568609358434
92.7875511729742,145.15839905545536
92.79691178299989,145.1611049013508
92.80624812735621,145.16380365922862
92.81556030027747,145.16649535690067
92.8248483955107,145.1691800220333
92.83411250631873,145.17185768214873
92.84335272548338,145.17452836462556
92.85256914530855,145.1771920967002
92.86176185762321,145.1798489054669
92.87093095378452,145.18249881788006
92.88007652468094,145.18514186075367
92.88919866073502,145.18777806076366
92.89829745190657,145.19040744444712
92.90737298769552,145.1930300382049
92.91642535714489,145.19564586830114
92.92545464884373,145.19825496086497
92.9344609509299,145.20085734189146
92.94344435109306,145.20345303724116
92.95240493657748,145.20604207264316
92.96134279418483,145.20862447369373
92.97025801027699,145.2112002658586
92.97915067077889,145.21376947447317
92.9880208611812,145.216332124744
92.99686866654311,145.21888824174843
93.005694171495,145.2214378504366
93.0144974602412,145.22398097563146
93.02327861656265,145.2265176420303
93.03203772381957,145.2290478742047
93.04077486495405,145.23157169660237
93.04949012249266,145.2340891335466
93.05818357854915,145.23660020923813
93.06685531482692,145.23910494775566
93.07550541262165,145.2416033730565
93.0841339528238,145.2440955089772
93.09274101592115,145.24658137923478
93.10132668200127,145.2490610074267
93.10989103075408,145.25153441703253
93.11843414147425,145.25400163141407
93.12695609306365,145.25646267381606
93.13545696403376,145.25891756736755
93.14393683250822,145.26136633508176
93.15239577622498,145.26380899985736
93.16083387253894,145.2662455844791
93.16925119842412,145.26867611161842
93.17764783047603,145.27110060383455
93.1860238449141,145.273519083574
93.19437931758387,145.27593157317276
93.20271432395928,145.27833809485622
93.21102893914511,145.28073867074002
93.21932323787895,145.2831333228306
93.22759729453372,145.2855220730257
93.2358511831197,145.28790494311568
93.24408497728686,145.2902819547836
93.25229875032694,145.29265312960572
93.26049257517573,145.29501848905332
93.2686665244152,145.29737805449145
93.27682067027555,145.29973184718153
93.28495508463746,145.30207988828064
93.29306983903416,145.30442219884262
93.30116500465351,145.30675879981914
93.30924065234012,145.309089712059
93.31729685259732,145.3114149563103
93.32533367558938,145.31373455322026
93.33335119114335,145.316048523336
93.34134946875126,145.31835688710458
93.34932857757201,145.3206596648748
93.35728858643341,145.3229568768969
93.36522956383413,145.32524854332303
93.37315157794575,145.32753468420862
93.38105469661456,145.32981531951214
93.38893898736366,145.3320904690964
93.39680451739476,145.33436015272872
93.40465135359014,145.3366243900813
93.41247956251458,145.33888320073237
93.42028921041715,145.34113660416597
93.4280803632332,145.34338461977393
93.43585308658608,145.34562726685448
93.44360744578907,145.34786456461418
93.4513435058472,145.35009653216835
93.4590613314591,145.35232318854096
93.46676098701867,145.3545445526655
93.47444253661705,145.3567606433859
93.48210604404423,145.358971479457
93.48975157279096,145.36117707954392
93.49737918605042,145.36337746222443
93.50498894671998,145.36557264598773
93.51258091740287,145.3677626492364
93.52015516041007,145.36994749028597
93.52771173776182,145.3721271873657
93.5352507111894,145.3743017586195
93.54277214213683,145.37647122210535
93.55027609176248,145.37863559579725
93.5577626209408,145.38079489758454
93.56523179026392,145.38294914527296
93.57268366004328,145.38509835658496
93.58011829031125,145.3872425491603
93.58753574082276,145.38938174055656
93.59493607105692,145.39151594824915
93.60231934021861,145.39364518963268
93.60968560723997,145.3957694820204
93.6170349307821,145.39788884264567
93.6243673692365,145.40000328866145
93.63168298072671,145.40211283714166
93.63898182310976,145.4042175050809
93.6462639539778,145.4063173093957
93.6535294306595,145.40841226692368
93.66077831022164,145.41050239442572
93.66801064947056,145.4125877085853
93.67522650495364,145.4146682260088
93.68242593296084,145.41674396322648
93.68960898952608,145.4188149366928
93.6967757304287,145.42088116278683
93.70392621119501,145.42294265781248
93.71106048709954,145.42499943799936
93.71817861316671,145.42705151950253
93.72528064417196,145.42909891840378
93.7323666346434,145.4311416507111
93.73943663886303,145.43317973236032
93.74649071086829,145.4352131792141
93.75352890445328,145.43724200706353
93.7605512731702,145.4392662316274
93.76755787033073,145.44128586855422
93.77454874900735,145.44330093342072
93.78152396203467,145.44531144173388
93.78848356201078,145.44731740893033
93.79542760129857,145.4493188503771
93.80235613202701,145.451315781372
93.80926920609255,145.4533082171438
93.81616687516026,145.455296172853
93.82304919066529,145.45727966359206
93.82991620381404,145.45925870438543
93.8367679655854,145.46123331019058
93.84360452673215,145.4632034958979
93.85042593778206,145.46516927633087
93.85723224903927,145.46713066624747
93.86402351058541,145.46908768033916
93.87079977228088,145.47104033323225
93.8775610837661,145.47298863948774
93.88430749446272,145.4749326136024
93.89103905357466,145.47687227000796
93.89775581008963,145.4788076230724
93.90445781277998,145.4807386871004
93.9111451102041,145.4826654763323
93.91781775070753,145.48458800494674
93.92447578242407,145.48650628705877
93.93111925327705,145.48842033672153
93.93774821098035,145.4903301679263
93.94436270303966,145.4922357946027
93.95096277675354,145.4941372306189
93.95754847921457,145.4960344897826
93.96411985731048,145.4979275858401
93.97067695772527,145.49981653247846
93.97721982694026,145.50170134332404
93.98374851123522,145.50358203194415
93.9902630566895,145.5054586118461
93.99676350918314,145.50733109647908
94.00324991439774,145.50919949923323
94.00972231781782,145.51106383344063
94.01618076473166,145.5129241123746
94.0226253002325,145.51478034925196
94.02905596921946,145.51663255723122
94.03547281639868,145.5184807494144
94.04187588628437,145.52032493884616
94.04826522319976,145.52216513851562
94.05464087127814,145.52400136135518
94.06100287446391,145.52583362024126
94.06735127651359,145.52766192799515
94.07368612099681,145.5294862973827
94.08000745129729,145.531306741115
94.08631531061384,145.53312327184815
94.09260974196137,145.53493590218454
94.09889078817183,145.5367446446717
94.1051584918952,145.538549511804
94.11141289560045,145.54035051602222
94.11765404157654,145.5421476697136
94.1238819719333,145.5439409852132
94.13009672860242,145.54573047480235
94.1362983533384,145.5475161507115
94.14248688771943,145.54929802511754
94.14866237314841,145.5510761101466
94.15482485085377,145.55285041787283
94.1609743618905,145.5546209603195
94.16711094714097,145.55638774945834
94.17323464731581,145.55815079721094
94.179345502955,145.5599101154483
94.1854435544285,145.56166571599084
94.19152884193737,145.5634176106098
94.19760140551449,145.56516581102633
94.20366128502553,145.56691032891234
94.20970852016978,145.5686511758904
94.21574315048106,145.5703883635345
94.22176521532853,145.57212190337017
94.22777475391756,145.57385180687396
94.23377180529062,145.57557808547486
94.23975640832808,145.5773007505541
94.24572860174905,145.57901981344494
94.25168842411229,145.5807352854333
94.25763591381691,145.5824471777585
94.26357110910327,145.58415550161243
94.26949404805389,145.58586026814055
94.27540476859402,145.58756148844242
94.28130330849271,145.58925917357092
94.28718970536349,145.5909533345328
94.29306399666517,145.59264398229013
94.29892621970262,145.59433112775872
94.30477641162761,145.59601478180957
94.3106146094396,145.59769495526876
94.3164408499864,145.5993716589173
94.32225516996517,145.60104490349218
94.328057605923,145.60271469968598
94.33384819425767,145.6043810581473
94.33962697121852,145.60604398948055
94.34539397290725,145.60770350424724
94.35114923527843,145.60935961296505
94.3568927941405,145.61101232610872
94.3626246851564,145.6126616541098
94.36834494384428,145.61430760735763
94.37405360557831,145.6159501961988
94.37975070558939,145.61758943093767
94.38543627896581,145.6192253218367
94.39111036065403,145.6208578791162
94.39677298545942,145.62248711295518
94.40242418804692,145.62411303349134
94.40806400294174,145.6257356508207
94.41369246453013,145.62735497499884
94.41930960705996,145.6289710160403
94.42491546464161,145.63058378391915
94.43051007124843,145.6321932885691
94.43609346071759,145.63379953988365
94.44166566675071,145.63540254771615
94.44722672291451,145.63700232188074
94.45277666264153,145.6385988721514
94.45831551923078,145.64019220826304
94.4638433258484,145.64178233991194
94.46936011552839,145.64336927675438
94.4748659211731,145.64495302840862
94.48036077555406,145.64653360445396
94.48584471131257,145.64811101443163
94.49131776096029,145.64968526784472
94.49677995687995,145.6512563741579
94.50223133132599,145.65282434279845
94.50767191642518,145.65438918315593
94.51310174417719,145.65595090458234
94.51852084645535,145.65750951639245
94.5239292550071,145.65906502786422
94.52932700145483,145.66061744823867
94.53471411729626,145.66216678671995
94.54009063390522,145.66371305247554
94.54545658253218,145.66525625463748
94.55081199430492,145.66679640230052
94.55615690022906,145.66833350452407
94.56149133118866,145.66986757033172
94.56681531794693,145.67139860871166
94.57212889114666,145.67292662861573
94.57743208131093,145.67445163896164
94.5827249188436,145.67597364863136
94.58800743403,145.67749266647226
94.5932796570374,145.67900870129648
94.59854161791567,145.68052176188235
94.60379334659775,145.68203185697303
94.60903487290038,145.68353899527767
94.61426622652445,145.68504318547178
94.61948743705577,145.68654443619658
94.62469853396546,145.68804275605945
94.62989954661066,145.68953815363432
94.63509050423488,145.69103063746223
94.64027143596883,145.69252021605
94.64544237083064,145.69400689787196
94.65060333772666,145.69549069136957
94.65575436545186,145.69697160495122
94.66089548269045,145.69844964699294
94.66602671801633,145.69992482583828
94.67114809989367,145.70139714979828
94.67625965667746,145.70286662715202
94.68136141661392,145.70433326614685
94.6864534078412,145.70579707499758
94.6915356583897,145.70725806188838
94.69660819618278,145.70871623497067
94.70167104903706,145.71017160236576
94.70672424466314,145.7116241721626
94.71176781066596,145.71307395242007
94.71680177454537,145.71452095116535
94.72182616369658,145.71596517639537
94.7268410054107,145.71740663607625
94.73184632687524,145.71884533814318
94.73684215517456,145.7202812905022
94.74182851729037,145.7217145010278
